eval_dataset,cmmn_filter,feature_extractor,classifier_type,is_normalized,validation_segment_len,prediction_window,mean_f1,std_f1
epic,None,bowav,random_forest,False,-1.0,10.0,0.7848087082176252,0.13331666123253566
epic,None,bowav,random_forest,False,300.0,10.0,0.5894966340352666,0.22367293459725865
epic,None,psd_autocorr,random_forest,False,-1.0,10.0,0.7075045332719477,0.2311905264587986
epic,None,psd_autocorr,random_forest,False,300.0,10.0,0.711272745274697,0.22997780220164796
epic,None,bowav,logistic,False,-1.0,10.0,0.7901226466375845,0.13024592461999993
epic,None,bowav,logistic,False,300.0,10.0,0.8468034451742459,0.11016810672098419
epic,None,psd_autocorr,logistic,False,-1.0,10.0,0.6712656716900156,0.27068860377421017
epic,None,psd_autocorr,logistic,False,300.0,10.0,0.622113358867428,0.28670438277377075
epic,unnormed-barycenter,bowav,random_forest,False,-1.0,10.0,0.7784907252783084,0.14463386261776304
epic,unnormed-barycenter,bowav,random_forest,False,300.0,10.0,0.6577972834471452,0.17943124027553636
epic,unnormed-barycenter,psd_autocorr,random_forest,False,-1.0,10.0,0.71325229717078,0.23977641910321335
epic,unnormed-barycenter,psd_autocorr,random_forest,False,300.0,10.0,0.6485954873664577,0.24645991836495448
epic,unnormed-barycenter,bowav,logistic,False,-1.0,10.0,0.7098681460114539,0.16309484115864278
epic,unnormed-barycenter,bowav,logistic,False,300.0,10.0,0.7791093198358983,0.14563646871464964
epic,unnormed-barycenter,psd_autocorr,logistic,False,-1.0,10.0,0.6753935009742802,0.2681682796580123
epic,unnormed-barycenter,psd_autocorr,logistic,False,300.0,10.0,0.6432833806243278,0.27936110393251273
epic,subj_to_subj,bowav,random_forest,False,-1.0,10.0,0.7785596308967606,0.1438493040804305
epic,subj_to_subj,bowav,random_forest,False,300.0,10.0,0.6593417706392133,0.1796941172536742
epic,subj_to_subj,psd_autocorr,random_forest,False,-1.0,10.0,0.7134050067506432,0.24058201791031178
epic,subj_to_subj,psd_autocorr,random_forest,False,300.0,10.0,0.6469098933287154,0.24595263024437033
epic,subj_to_subj,bowav,logistic,False,-1.0,10.0,0.7098956577392486,0.1621171203817561
epic,subj_to_subj,bowav,logistic,False,300.0,10.0,0.7797756466026315,0.14488616888483347
epic,subj_to_subj,psd_autocorr,logistic,False,-1.0,10.0,0.6743123200197457,0.2690884327606215
epic,subj_to_subj,psd_autocorr,logistic,False,300.0,10.0,0.6433567589312555,0.27869780475198735
epic,None,iclabel,iclabel,False,-1.0,10.0,0.7193874617144099,0.1293280064432446
cue,None,bowav,random_forest,False,-1.0,5.0,0.8778129384901447,0.046677960725051704
cue,None,bowav,random_forest,False,-1.0,10.0,0.9031873356198544,0.05012091300030843
cue,None,bowav,random_forest,False,-1.0,15.0,0.9101678628984547,0.06180819298503232
cue,None,bowav,random_forest,False,-1.0,20.0,0.8959643157158369,0.08798560772126793
cue,None,bowav,random_forest,False,-1.0,25.0,0.894316228464188,0.08868175676592012
cue,None,bowav,random_forest,False,-1.0,30.0,0.900897157914057,0.08521335798810073
cue,None,bowav,random_forest,False,-1.0,35.0,0.8994996168437802,0.08728863120489831
cue,None,bowav,random_forest,False,-1.0,40.0,0.91026278507189,0.07916364533130521
cue,None,bowav,random_forest,False,-1.0,45.0,0.9096480193602542,0.08684778412422242
cue,None,bowav,random_forest,False,-1.0,50.0,0.907510942053919,0.094410508234374
cue,None,bowav,random_forest,False,300.0,0.15,0.8482668710588396,0.0680183155106143
cue,None,bowav,random_forest,False,300.0,0.325,0.8637081379032354,0.07120779904359677
cue,None,bowav,random_forest,False,300.0,0.5,0.8690288374695228,0.0712400971494766
cue,None,bowav,random_forest,False,300.0,0.65,0.8715960256156334,0.06568989134513316
cue,None,bowav,random_forest,False,300.0,0.825,0.8757916795857236,0.06045280195713587
cue,None,bowav,random_forest,False,300.0,1.0,0.8665029177617752,0.07483549189394756
cue,None,bowav,random_forest,False,300.0,2.0,0.8740344734050912,0.084144895330227
cue,None,bowav,random_forest,False,300.0,3.0,0.8938120530635851,0.060319937341899874
cue,None,bowav,random_forest,False,300.0,4.0,0.8948996620227709,0.051801771936726936
cue,None,bowav,random_forest,False,300.0,5.0,0.8904762471017339,0.04875427684345209
cue,None,bowav,random_forest,False,300.0,10.0,0.8711381067055693,0.0707706338706384
cue,None,bowav,random_forest,False,300.0,15.0,0.8771135552303179,0.07608566515287205
cue,None,bowav,random_forest,False,300.0,20.0,0.877411268346017,0.07681916203354328
cue,None,bowav,random_forest,False,300.0,25.0,0.8603274001922226,0.08253297243266394
cue,None,bowav,random_forest,False,300.0,30.0,0.8590182929269791,0.08862576487526767
cue,None,bowav,random_forest,False,300.0,35.0,0.8595824018325419,0.08441051709219315
cue,None,bowav,random_forest,False,300.0,40.0,0.8683402425756767,0.07623591005404312
cue,None,bowav,random_forest,False,300.0,45.0,0.8663130088935471,0.07448414053092299
cue,None,bowav,random_forest,False,300.0,50.0,0.8574099189286608,0.09117195979590804
cue,None,psd_autocorr,random_forest,False,-1.0,1.0,0.7622478072787792,0.09570678876942545
cue,None,psd_autocorr,random_forest,False,-1.0,2.0,0.7842964748025528,0.10096577123041588
cue,None,psd_autocorr,random_forest,False,-1.0,3.0,0.7812021127331352,0.09489893227991908
cue,None,psd_autocorr,random_forest,False,-1.0,4.0,0.8008856505343586,0.08792877571542362
cue,None,psd_autocorr,random_forest,False,-1.0,5.0,0.7964030685671455,0.0814879073565652
cue,None,psd_autocorr,random_forest,False,-1.0,10.0,0.8120343600282037,0.08590944971296734
cue,None,psd_autocorr,random_forest,False,-1.0,15.0,0.8134103942811818,0.08928906178380008
cue,None,psd_autocorr,random_forest,False,-1.0,20.0,0.8196355594770988,0.09372176174402241
cue,None,psd_autocorr,random_forest,False,-1.0,25.0,0.8196355594770988,0.09372176174402241
cue,None,psd_autocorr,random_forest,False,-1.0,30.0,0.814537320994714,0.10087799146423439
cue,None,psd_autocorr,random_forest,False,-1.0,35.0,0.8162174285215956,0.09754720599009359
cue,None,psd_autocorr,random_forest,False,-1.0,40.0,0.8239185370359384,0.09294699387727198
cue,None,psd_autocorr,random_forest,False,-1.0,45.0,0.8299206605512907,0.08790136575039234
cue,None,psd_autocorr,random_forest,False,-1.0,50.0,0.8315981497287798,0.08897802498287762
cue,None,psd_autocorr,random_forest,False,300.0,0.15,0.6448381380524237,0.1214830403649826
cue,None,psd_autocorr,random_forest,False,300.0,0.325,0.672732160175102,0.10106219776743798
cue,None,psd_autocorr,random_forest,False,300.0,0.5,0.6788646659446366,0.12063882962158787
cue,None,psd_autocorr,random_forest,False,300.0,0.65,0.7006362192815394,0.11457062030517806
cue,None,psd_autocorr,random_forest,False,300.0,0.825,0.7017352460593469,0.12690929924473782
cue,None,psd_autocorr,random_forest,False,300.0,1.0,0.6898595752906097,0.12175474647897856
cue,None,psd_autocorr,random_forest,False,300.0,2.0,0.7249548869111017,0.12345162962834359
cue,None,psd_autocorr,random_forest,False,300.0,3.0,0.7517405820537261,0.11397468776493526
cue,None,psd_autocorr,random_forest,False,300.0,4.0,0.7527813840427987,0.10257476527648542
cue,None,psd_autocorr,random_forest,False,300.0,5.0,0.7705064404176426,0.08695593162144
cue,None,psd_autocorr,random_forest,False,300.0,10.0,0.7844757230786642,0.09949280793991308
cue,None,psd_autocorr,random_forest,False,300.0,15.0,0.7863604120243303,0.09775472832218973
cue,None,psd_autocorr,random_forest,False,300.0,20.0,0.800236401286436,0.09760470890781323
cue,None,psd_autocorr,random_forest,False,300.0,25.0,0.8058033512969303,0.09658437793354505
cue,None,psd_autocorr,random_forest,False,300.0,30.0,0.8096007565311171,0.08964020136422006
cue,None,psd_autocorr,random_forest,False,300.0,35.0,0.8117021170719753,0.09359867037678364
cue,None,psd_autocorr,random_forest,False,300.0,40.0,0.811383153364074,0.09505395463012031
cue,None,psd_autocorr,random_forest,False,300.0,45.0,0.8183575546129718,0.09460318791935945
cue,None,psd_autocorr,random_forest,False,300.0,50.0,0.8109419075977699,0.10662113027454205
cue,None,bowav,logistic,False,-1.0,5.0,0.7510254882665836,0.09247706811390487
cue,None,bowav,logistic,False,-1.0,10.0,0.827885014876223,0.09242659614507788
cue,None,bowav,logistic,False,-1.0,15.0,0.8299132000210608,0.0994160520415741
cue,None,bowav,logistic,False,-1.0,20.0,0.8240716837198284,0.1058781094529549
cue,None,bowav,logistic,False,-1.0,25.0,0.8127231928884228,0.10200478825582349
cue,None,bowav,logistic,False,-1.0,30.0,0.8297621744558019,0.10244647392546395
cue,None,bowav,logistic,False,-1.0,35.0,0.8415141951895322,0.07605350503373691
cue,None,bowav,logistic,False,-1.0,40.0,0.8352829600268454,0.1021077031961215
cue,None,bowav,logistic,False,-1.0,45.0,0.8427098901783588,0.09497922472923717
cue,None,bowav,logistic,False,-1.0,50.0,0.8469663540839772,0.09975129243963987
cue,None,bowav,logistic,False,300.0,0.15,0.7931555732515077,0.10773594003630012
cue,None,bowav,logistic,False,300.0,0.325,0.8290473273825558,0.09217208640332715
cue,None,bowav,logistic,False,300.0,0.5,0.8207162792130518,0.11738964540885873
cue,None,bowav,logistic,False,300.0,0.65,0.8247361797385043,0.10952897326033478
cue,None,bowav,logistic,False,300.0,0.825,0.8295631466252328,0.09266964605923171
cue,None,bowav,logistic,False,300.0,1.0,0.8353183971123622,0.10132025017417481
cue,None,bowav,logistic,False,300.0,2.0,0.8466725752892913,0.06962585523899152
cue,None,bowav,logistic,False,300.0,3.0,0.8615924274340525,0.07648944976295541
cue,None,bowav,logistic,False,300.0,4.0,0.870047043104062,0.05552354744753545
cue,None,bowav,logistic,False,300.0,5.0,0.8745515061702184,0.041803930334478955
cue,None,bowav,logistic,False,300.0,10.0,0.8786699839547577,0.05676744243768964
cue,None,bowav,logistic,False,300.0,15.0,0.8757823168561666,0.07136257689372531
cue,None,bowav,logistic,False,300.0,20.0,0.869533746943937,0.07986415784169122
cue,None,bowav,logistic,False,300.0,25.0,0.8708569032038357,0.08304411957402331
cue,None,bowav,logistic,False,300.0,30.0,0.8780837824084456,0.08008531865058523
cue,None,bowav,logistic,False,300.0,35.0,0.8821285835931633,0.07358112126544822
cue,None,bowav,logistic,False,300.0,40.0,0.8795153431750448,0.08033122189152549
cue,None,bowav,logistic,False,300.0,45.0,0.8849498549298098,0.07717630546967257
cue,None,bowav,logistic,False,300.0,50.0,0.8835182941632107,0.07703057420008516
cue,None,psd_autocorr,logistic,False,-1.0,2.0,0.5900068354496051,0.2196181646284113
cue,None,psd_autocorr,logistic,False,-1.0,3.0,0.5900068354496051,0.2196181646284113
cue,None,psd_autocorr,logistic,False,-1.0,4.0,0.6507171089779785,0.17628087843702403
cue,None,psd_autocorr,logistic,False,-1.0,5.0,0.6507171089779785,0.1724061002471168
cue,None,psd_autocorr,logistic,False,-1.0,10.0,0.6418656594536511,0.2066237634877047
cue,None,psd_autocorr,logistic,False,-1.0,15.0,0.6556172068293499,0.16904782793390025
cue,None,psd_autocorr,logistic,False,-1.0,20.0,0.679244164911322,0.1616482410825939
cue,None,psd_autocorr,logistic,False,-1.0,25.0,0.6766549572046027,0.1664398045061993
cue,None,psd_autocorr,logistic,False,-1.0,30.0,0.6775976055385553,0.16485406484376253
cue,None,psd_autocorr,logistic,False,-1.0,35.0,0.671998132547778,0.17163111560402614
cue,None,psd_autocorr,logistic,False,-1.0,40.0,0.7018436605361892,0.16406732110869562
cue,None,psd_autocorr,logistic,False,-1.0,45.0,0.7047056133981422,0.15960006470850013
cue,None,psd_autocorr,logistic,False,-1.0,50.0,0.7006423746274565,0.15595534514896808
cue,None,psd_autocorr,logistic,False,300.0,0.15,0.433716545850014,0.2434291474482889
cue,None,psd_autocorr,logistic,False,300.0,0.325,0.46864893014987735,0.1949493035767207
cue,None,psd_autocorr,logistic,False,300.0,0.5,0.5377450544510617,0.19961957178614528
cue,None,psd_autocorr,logistic,False,300.0,0.65,0.5408681468120827,0.22147031268885592
cue,None,psd_autocorr,logistic,False,300.0,0.825,0.5334424496907911,0.2281211766834695
cue,None,psd_autocorr,logistic,False,300.0,1.0,0.5461363126486293,0.2282023958586949
cue,None,psd_autocorr,logistic,False,300.0,2.0,0.5900068354496051,0.2196181646284113
cue,None,psd_autocorr,logistic,False,300.0,3.0,0.6061726817715215,0.1962013797170708
cue,None,psd_autocorr,logistic,False,300.0,4.0,0.5998399057670628,0.1878930124626124
cue,None,psd_autocorr,logistic,False,300.0,5.0,0.6045368480802459,0.2034156175172371
cue,None,psd_autocorr,logistic,False,300.0,10.0,0.6341304678160204,0.21010496561145237
cue,None,psd_autocorr,logistic,False,300.0,15.0,0.6361240141437023,0.19617323964050823
cue,None,psd_autocorr,logistic,False,300.0,20.0,0.6564009211172331,0.19302838328079658
cue,None,psd_autocorr,logistic,False,300.0,25.0,0.6595755242918363,0.1928422558099362
cue,None,psd_autocorr,logistic,False,300.0,30.0,0.6614502219212509,0.19451515133983766
cue,None,psd_autocorr,logistic,False,300.0,35.0,0.67099592432967,0.19383148777871712
cue,None,psd_autocorr,logistic,False,300.0,40.0,0.6723215935554318,0.19671799857633543
cue,None,psd_autocorr,logistic,False,300.0,45.0,0.6718335766300884,0.19883813643582798
cue,None,psd_autocorr,logistic,False,300.0,50.0,0.6795588018553135,0.19732156261015182
cue,unnormed-barycenter,bowav,random_forest,False,-1.0,5.0,0.8854237003727592,0.04918336209911498
cue,unnormed-barycenter,bowav,random_forest,False,-1.0,10.0,0.8855393756740194,0.0543567639430818
cue,unnormed-barycenter,bowav,random_forest,False,-1.0,15.0,0.9044474245165688,0.05695240889608548
cue,unnormed-barycenter,bowav,random_forest,False,-1.0,20.0,0.8923346219363292,0.07632429730182153
cue,unnormed-barycenter,bowav,random_forest,False,-1.0,25.0,0.8948370587876958,0.07955567149997114
cue,unnormed-barycenter,bowav,random_forest,False,-1.0,30.0,0.8870636982835881,0.08443073657820029
cue,unnormed-barycenter,bowav,random_forest,False,-1.0,35.0,0.8949714088533964,0.07802862864788561
cue,unnormed-barycenter,bowav,random_forest,False,-1.0,40.0,0.8967972261096299,0.0868600845575181
cue,unnormed-barycenter,bowav,random_forest,False,-1.0,45.0,0.900293537704937,0.07807971942762068
cue,unnormed-barycenter,bowav,random_forest,False,-1.0,50.0,0.8986324081368308,0.07928395214668629
cue,unnormed-barycenter,bowav,random_forest,False,300.0,0.15,0.822639594529707,0.08875574248643114
cue,unnormed-barycenter,bowav,random_forest,False,300.0,0.325,0.8413191161680577,0.07470938614382364
cue,unnormed-barycenter,bowav,random_forest,False,300.0,0.5,0.8599016328040091,0.06718219345827199
cue,unnormed-barycenter,bowav,random_forest,False,300.0,0.65,0.866846474810757,0.06963274069576335
cue,unnormed-barycenter,bowav,random_forest,False,300.0,0.825,0.865624187569891,0.0671313535615589
cue,unnormed-barycenter,bowav,random_forest,False,300.0,1.0,0.8679534789135177,0.07671232240152859
cue,unnormed-barycenter,bowav,random_forest,False,300.0,2.0,0.869330474142238,0.07544074990603411
cue,unnormed-barycenter,bowav,random_forest,False,300.0,3.0,0.8713283603058978,0.06607560936825993
cue,unnormed-barycenter,bowav,random_forest,False,300.0,4.0,0.8885623035564664,0.04289002560519136
cue,unnormed-barycenter,bowav,random_forest,False,300.0,5.0,0.8849495361107577,0.04321449499813299
cue,unnormed-barycenter,bowav,random_forest,False,300.0,10.0,0.8864412724291378,0.052545708827463546
cue,unnormed-barycenter,bowav,random_forest,False,300.0,15.0,0.8913183723003505,0.06306619221490718
cue,unnormed-barycenter,bowav,random_forest,False,300.0,20.0,0.8785593784984841,0.07309974810329509
cue,unnormed-barycenter,bowav,random_forest,False,300.0,25.0,0.878497010658413,0.06910667617749452
cue,unnormed-barycenter,bowav,random_forest,False,300.0,30.0,0.887228788810147,0.05653004150411736
cue,unnormed-barycenter,bowav,random_forest,False,300.0,35.0,0.87743077933083,0.0633971739551001
cue,unnormed-barycenter,bowav,random_forest,False,300.0,40.0,0.878949254358297,0.06502209515655337
cue,unnormed-barycenter,bowav,random_forest,False,300.0,45.0,0.8746998436806396,0.07564524533951562
cue,unnormed-barycenter,bowav,random_forest,False,300.0,50.0,0.8709767140518975,0.07766119359013349
cue,unnormed-barycenter,psd_autocorr,random_forest,False,-1.0,1.0,0.8104597216985517,0.08806761219100831
cue,unnormed-barycenter,psd_autocorr,random_forest,False,-1.0,2.0,0.8381493304842361,0.0791327300556413
cue,unnormed-barycenter,psd_autocorr,random_forest,False,-1.0,3.0,0.8285586327175899,0.08305886741061924
cue,unnormed-barycenter,psd_autocorr,random_forest,False,-1.0,4.0,0.8489273798904957,0.06995936495389753
cue,unnormed-barycenter,psd_autocorr,random_forest,False,-1.0,5.0,0.8423058819579724,0.07467473458376839
cue,unnormed-barycenter,psd_autocorr,random_forest,False,-1.0,10.0,0.8580240796907849,0.056887503558628504
cue,unnormed-barycenter,psd_autocorr,random_forest,False,-1.0,15.0,0.8575908024246651,0.07584082021600995
cue,unnormed-barycenter,psd_autocorr,random_forest,False,-1.0,20.0,0.8583157789128698,0.07162264466179451
cue,unnormed-barycenter,psd_autocorr,random_forest,False,-1.0,25.0,0.8562246316635532,0.08101703875228447
cue,unnormed-barycenter,psd_autocorr,random_forest,False,-1.0,30.0,0.8603763595162355,0.07623826078001465
cue,unnormed-barycenter,psd_autocorr,random_forest,False,-1.0,35.0,0.8590805566422404,0.07851121090004795
cue,unnormed-barycenter,psd_autocorr,random_forest,False,-1.0,40.0,0.8586208088111049,0.0854824013720084
cue,unnormed-barycenter,psd_autocorr,random_forest,False,-1.0,45.0,0.8568311664551297,0.08819479484405998
cue,unnormed-barycenter,psd_autocorr,random_forest,False,-1.0,50.0,0.861123593154677,0.09120420181106365
cue,unnormed-barycenter,psd_autocorr,random_forest,False,300.0,0.15,0.6622101862816433,0.17041140264416435
cue,unnormed-barycenter,psd_autocorr,random_forest,False,300.0,0.325,0.6946604590616242,0.15395716435151524
cue,unnormed-barycenter,psd_autocorr,random_forest,False,300.0,0.5,0.7315214314433217,0.14599885033391288
cue,unnormed-barycenter,psd_autocorr,random_forest,False,300.0,0.65,0.750923637983974,0.15830639178502176
cue,unnormed-barycenter,psd_autocorr,random_forest,False,300.0,0.825,0.7545514456205251,0.1408115615094939
cue,unnormed-barycenter,psd_autocorr,random_forest,False,300.0,1.0,0.7509121389148569,0.11915013854044723
cue,unnormed-barycenter,psd_autocorr,random_forest,False,300.0,2.0,0.7529788769202099,0.16446346298347594
cue,unnormed-barycenter,psd_autocorr,random_forest,False,300.0,3.0,0.7866610391399136,0.11984526381512425
cue,unnormed-barycenter,psd_autocorr,random_forest,False,300.0,4.0,0.7755540780885858,0.12396472924262072
cue,unnormed-barycenter,psd_autocorr,random_forest,False,300.0,5.0,0.7830334141973513,0.1225756224581834
cue,unnormed-barycenter,psd_autocorr,random_forest,False,300.0,10.0,0.8004734802992313,0.10637060818726941
cue,unnormed-barycenter,psd_autocorr,random_forest,False,300.0,15.0,0.8211757401253766,0.1059701531490358
cue,unnormed-barycenter,psd_autocorr,random_forest,False,300.0,20.0,0.8290362083219792,0.11138790540242982
cue,unnormed-barycenter,psd_autocorr,random_forest,False,300.0,25.0,0.8288119700703088,0.10817247851826206
cue,unnormed-barycenter,psd_autocorr,random_forest,False,300.0,30.0,0.8332864137159491,0.10950997605905823
cue,unnormed-barycenter,psd_autocorr,random_forest,False,300.0,35.0,0.8277177537852177,0.11243375121853404
cue,unnormed-barycenter,psd_autocorr,random_forest,False,300.0,40.0,0.8209513869253765,0.123285881815022
cue,unnormed-barycenter,psd_autocorr,random_forest,False,300.0,45.0,0.8209333502867461,0.12127392591566578
cue,unnormed-barycenter,psd_autocorr,random_forest,False,300.0,50.0,0.8276481333529607,0.11164248113044929
cue,unnormed-barycenter,bowav,logistic,False,-1.0,5.0,0.766369627244701,0.08410860660297527
cue,unnormed-barycenter,bowav,logistic,False,-1.0,10.0,0.8345671802193516,0.07066640262586009
cue,unnormed-barycenter,bowav,logistic,False,-1.0,15.0,0.8565099267759217,0.07271570246287747
cue,unnormed-barycenter,bowav,logistic,False,-1.0,20.0,0.8436214317456562,0.0744058103645012
cue,unnormed-barycenter,bowav,logistic,False,-1.0,25.0,0.8491679943658621,0.07417122543014076
cue,unnormed-barycenter,bowav,logistic,False,-1.0,30.0,0.8523327591563427,0.06652918204421725
cue,unnormed-barycenter,bowav,logistic,False,-1.0,35.0,0.8510420869922785,0.06708552586023406
cue,unnormed-barycenter,bowav,logistic,False,-1.0,40.0,0.8600098645051119,0.06914338064212891
cue,unnormed-barycenter,bowav,logistic,False,-1.0,45.0,0.8599456906798371,0.06393177305320662
cue,unnormed-barycenter,bowav,logistic,False,-1.0,50.0,0.859510418443053,0.06872062934898573
cue,unnormed-barycenter,bowav,logistic,False,300.0,0.15,0.7677967402428156,0.08335042382835038
cue,unnormed-barycenter,bowav,logistic,False,300.0,0.325,0.7606670441965218,0.10645341770297632
cue,unnormed-barycenter,bowav,logistic,False,300.0,0.5,0.7551909703018267,0.12543589474980033
cue,unnormed-barycenter,bowav,logistic,False,300.0,0.65,0.7717249518393038,0.09703598929949467
cue,unnormed-barycenter,bowav,logistic,False,300.0,0.825,0.7780158615293216,0.09009416577827725
cue,unnormed-barycenter,bowav,logistic,False,300.0,1.0,0.7872151800164366,0.0768100610693657
cue,unnormed-barycenter,bowav,logistic,False,300.0,2.0,0.8117796075613413,0.07745584828216473
cue,unnormed-barycenter,bowav,logistic,False,300.0,3.0,0.8259054007165898,0.07285622207894593
cue,unnormed-barycenter,bowav,logistic,False,300.0,4.0,0.8384922607472517,0.055617449537055365
cue,unnormed-barycenter,bowav,logistic,False,300.0,5.0,0.847994829378054,0.04055911170393352
cue,unnormed-barycenter,bowav,logistic,False,300.0,10.0,0.8528190040721634,0.05412775946994795
cue,unnormed-barycenter,bowav,logistic,False,300.0,15.0,0.849561742054278,0.0730070426690225
cue,unnormed-barycenter,bowav,logistic,False,300.0,20.0,0.852194053241487,0.07410774228604933
cue,unnormed-barycenter,bowav,logistic,False,300.0,25.0,0.8513968503534332,0.07900916536841601
cue,unnormed-barycenter,bowav,logistic,False,300.0,30.0,0.8575051157638153,0.07771074949890043
cue,unnormed-barycenter,bowav,logistic,False,300.0,35.0,0.863809306266337,0.08180783627912858
cue,unnormed-barycenter,bowav,logistic,False,300.0,40.0,0.8600241651588109,0.07591295197524442
cue,unnormed-barycenter,bowav,logistic,False,300.0,45.0,0.8567430604506998,0.08046228676416012
cue,unnormed-barycenter,bowav,logistic,False,300.0,50.0,0.8554323123159953,0.07959880017335341
cue,unnormed-barycenter,psd_autocorr,logistic,False,-1.0,2.0,0.4912549145062219,0.22796694692391956
cue,unnormed-barycenter,psd_autocorr,logistic,False,-1.0,3.0,0.4912549145062219,0.22796694692391956
cue,unnormed-barycenter,psd_autocorr,logistic,False,-1.0,4.0,0.5927363355339546,0.2026551238374749
cue,unnormed-barycenter,psd_autocorr,logistic,False,-1.0,5.0,0.5927363355339546,0.19820062110932493
cue,unnormed-barycenter,psd_autocorr,logistic,False,-1.0,10.0,0.5958541055718475,0.19823932523163262
cue,unnormed-barycenter,psd_autocorr,logistic,False,-1.0,15.0,0.6088526342552208,0.21051716571643475
cue,unnormed-barycenter,psd_autocorr,logistic,False,-1.0,20.0,0.64679528603889,0.21044690352638107
cue,unnormed-barycenter,psd_autocorr,logistic,False,-1.0,25.0,0.652842572086176,0.20227720573918556
cue,unnormed-barycenter,psd_autocorr,logistic,False,-1.0,30.0,0.6511622539051655,0.1986320742516588
cue,unnormed-barycenter,psd_autocorr,logistic,False,-1.0,35.0,0.6569085672227568,0.19620724019798344
cue,unnormed-barycenter,psd_autocorr,logistic,False,-1.0,40.0,0.6592357315436008,0.203757564970355
cue,unnormed-barycenter,psd_autocorr,logistic,False,-1.0,45.0,0.6552498232558926,0.2066939932785732
cue,unnormed-barycenter,psd_autocorr,logistic,False,-1.0,50.0,0.6569505035280016,0.2096678564537095
cue,unnormed-barycenter,psd_autocorr,logistic,False,300.0,0.15,0.3465639956176066,0.26406665975991506
cue,unnormed-barycenter,psd_autocorr,logistic,False,300.0,0.325,0.4058037452280256,0.20304450955610684
cue,unnormed-barycenter,psd_autocorr,logistic,False,300.0,0.5,0.4197783424603125,0.25040046968462815
cue,unnormed-barycenter,psd_autocorr,logistic,False,300.0,0.65,0.41869537180096184,0.25871076502445634
cue,unnormed-barycenter,psd_autocorr,logistic,False,300.0,0.825,0.4536906027215853,0.22577893033816704
cue,unnormed-barycenter,psd_autocorr,logistic,False,300.0,1.0,0.46232808275264087,0.22830219622235073
cue,unnormed-barycenter,psd_autocorr,logistic,False,300.0,2.0,0.4912549145062219,0.22796694692391956
cue,unnormed-barycenter,psd_autocorr,logistic,False,300.0,3.0,0.5050317643742971,0.23251316097607833
cue,unnormed-barycenter,psd_autocorr,logistic,False,300.0,4.0,0.5258421277786455,0.22450653092633743
cue,unnormed-barycenter,psd_autocorr,logistic,False,300.0,5.0,0.5447898411019529,0.2203701317008645
cue,unnormed-barycenter,psd_autocorr,logistic,False,300.0,10.0,0.5784241462245949,0.20361044137068748
cue,unnormed-barycenter,psd_autocorr,logistic,False,300.0,15.0,0.6010133516974057,0.20112808974574256
cue,unnormed-barycenter,psd_autocorr,logistic,False,300.0,20.0,0.6021141467003096,0.2061076896198843
cue,unnormed-barycenter,psd_autocorr,logistic,False,300.0,25.0,0.6123155761999848,0.20679596539234218
cue,unnormed-barycenter,psd_autocorr,logistic,False,300.0,30.0,0.6431659683464076,0.1899789696184078
cue,unnormed-barycenter,psd_autocorr,logistic,False,300.0,35.0,0.6369794855006699,0.19403711986335193
cue,unnormed-barycenter,psd_autocorr,logistic,False,300.0,40.0,0.6427611698943253,0.19822671124174437
cue,unnormed-barycenter,psd_autocorr,logistic,False,300.0,45.0,0.6285233808753299,0.20515755940424857
cue,unnormed-barycenter,psd_autocorr,logistic,False,300.0,50.0,0.6386282561587766,0.2001204963647287
cue,subj_to_subj,bowav,random_forest,False,-1.0,5.0,0.8846117451075384,0.059070697730977166
cue,subj_to_subj,bowav,random_forest,False,-1.0,10.0,0.9040982205587618,0.05371393173799339
cue,subj_to_subj,bowav,random_forest,False,-1.0,15.0,0.9087837706603268,0.06595047636412538
cue,subj_to_subj,bowav,random_forest,False,-1.0,20.0,0.8915676131968246,0.08700650808549468
cue,subj_to_subj,bowav,random_forest,False,-1.0,25.0,0.8958965456519369,0.08828056436368775
cue,subj_to_subj,bowav,random_forest,False,-1.0,30.0,0.8957787491904359,0.08591766392493942
cue,subj_to_subj,bowav,random_forest,False,-1.0,35.0,0.8994594247828228,0.08662906939598852
cue,subj_to_subj,bowav,random_forest,False,-1.0,40.0,0.9033839132808139,0.08724772233048603
cue,subj_to_subj,bowav,random_forest,False,-1.0,45.0,0.900761072422679,0.08756163258475899
cue,subj_to_subj,bowav,random_forest,False,-1.0,50.0,0.9020051306520314,0.08747866780608521
cue,subj_to_subj,bowav,random_forest,False,300.0,0.15,0.8257495841936059,0.07816837846269395
cue,subj_to_subj,bowav,random_forest,False,300.0,0.325,0.86667083876323,0.06341765792093222
cue,subj_to_subj,bowav,random_forest,False,300.0,0.5,0.8662584035891411,0.06999105293793474
cue,subj_to_subj,bowav,random_forest,False,300.0,0.65,0.8668898582097908,0.0736715651694882
cue,subj_to_subj,bowav,random_forest,False,300.0,0.825,0.8658527813864749,0.07642408487035864
cue,subj_to_subj,bowav,random_forest,False,300.0,1.0,0.8724144606985788,0.07126148604124172
cue,subj_to_subj,bowav,random_forest,False,300.0,2.0,0.8658643174426855,0.07872899461842266
cue,subj_to_subj,bowav,random_forest,False,300.0,3.0,0.8825193169961402,0.06241522829022953
cue,subj_to_subj,bowav,random_forest,False,300.0,4.0,0.8897421053237764,0.051722804642348456
cue,subj_to_subj,bowav,random_forest,False,300.0,5.0,0.8842646765632097,0.05789408854430556
cue,subj_to_subj,bowav,random_forest,False,300.0,10.0,0.8741252894609292,0.08187616022029527
cue,subj_to_subj,bowav,random_forest,False,300.0,15.0,0.8813691245472812,0.08021292817763033
cue,subj_to_subj,bowav,random_forest,False,300.0,20.0,0.8703868916697429,0.08594519619464933
cue,subj_to_subj,bowav,random_forest,False,300.0,25.0,0.8748993617574893,0.08941522360859129
cue,subj_to_subj,bowav,random_forest,False,300.0,30.0,0.8922021090354783,0.09163097056160262
cue,subj_to_subj,bowav,random_forest,False,300.0,35.0,0.878162285493298,0.09233187241958422
cue,subj_to_subj,bowav,random_forest,False,300.0,40.0,0.8850971086188043,0.09004125242289718
cue,subj_to_subj,bowav,random_forest,False,300.0,45.0,0.8831833706369548,0.08975262309587552
cue,subj_to_subj,bowav,random_forest,False,300.0,50.0,0.8828491962634533,0.08667621915824145
cue,subj_to_subj,psd_autocorr,random_forest,False,-1.0,1.0,0.7875165495286921,0.22635423444399838
cue,subj_to_subj,psd_autocorr,random_forest,False,-1.0,2.0,0.8207840905417636,0.15065603451542983
cue,subj_to_subj,psd_autocorr,random_forest,False,-1.0,3.0,0.8049311201292357,0.1727307330742497
cue,subj_to_subj,psd_autocorr,random_forest,False,-1.0,4.0,0.8346277121586,0.15823875258821743
cue,subj_to_subj,psd_autocorr,random_forest,False,-1.0,5.0,0.8159302202806377,0.17220779078722204
cue,subj_to_subj,psd_autocorr,random_forest,False,-1.0,10.0,0.8308622135963554,0.1528118799707509
cue,subj_to_subj,psd_autocorr,random_forest,False,-1.0,15.0,0.8301361088018827,0.1567054756157184
cue,subj_to_subj,psd_autocorr,random_forest,False,-1.0,20.0,0.8458737503668338,0.16238031370797887
cue,subj_to_subj,psd_autocorr,random_forest,False,-1.0,25.0,0.846395839754607,0.16235916280487797
cue,subj_to_subj,psd_autocorr,random_forest,False,-1.0,30.0,0.8445964695341841,0.16253059685458007
cue,subj_to_subj,psd_autocorr,random_forest,False,-1.0,35.0,0.8445964695341841,0.16253059685458007
cue,subj_to_subj,psd_autocorr,random_forest,False,-1.0,40.0,0.842492092429807,0.16206780353580594
cue,subj_to_subj,psd_autocorr,random_forest,False,-1.0,45.0,0.8401507251217845,0.1616303100610955
cue,subj_to_subj,psd_autocorr,random_forest,False,-1.0,50.0,0.8461512304085193,0.16569781187993796
cue,subj_to_subj,psd_autocorr,random_forest,False,300.0,0.15,0.7053964050578867,0.2088806086770383
cue,subj_to_subj,psd_autocorr,random_forest,False,300.0,0.325,0.737763241290296,0.18396473870031604
cue,subj_to_subj,psd_autocorr,random_forest,False,300.0,0.5,0.7574996207249954,0.18837280154276242
cue,subj_to_subj,psd_autocorr,random_forest,False,300.0,0.65,0.7491908598625665,0.1906657905246855
cue,subj_to_subj,psd_autocorr,random_forest,False,300.0,0.825,0.7639130554022079,0.19644871617799592
cue,subj_to_subj,psd_autocorr,random_forest,False,300.0,1.0,0.7606464343018872,0.19033270957671589
cue,subj_to_subj,psd_autocorr,random_forest,False,300.0,2.0,0.7794102727202593,0.15241956075689944
cue,subj_to_subj,psd_autocorr,random_forest,False,300.0,3.0,0.7867088331791002,0.1699675327013407
cue,subj_to_subj,psd_autocorr,random_forest,False,300.0,4.0,0.7859413507619605,0.174179930948085
cue,subj_to_subj,psd_autocorr,random_forest,False,300.0,5.0,0.7870375384563725,0.17032835271224736
cue,subj_to_subj,psd_autocorr,random_forest,False,300.0,10.0,0.7914480119045187,0.19729437762713786
cue,subj_to_subj,psd_autocorr,random_forest,False,300.0,15.0,0.814538907547524,0.1545459758427109
cue,subj_to_subj,psd_autocorr,random_forest,False,300.0,20.0,0.8247336515543798,0.15821722984287112
cue,subj_to_subj,psd_autocorr,random_forest,False,300.0,25.0,0.8343604545547824,0.16331006590774658
cue,subj_to_subj,psd_autocorr,random_forest,False,300.0,30.0,0.8343604545547824,0.16331006590774658
cue,subj_to_subj,psd_autocorr,random_forest,False,300.0,35.0,0.8377886635705489,0.16265941962084582
cue,subj_to_subj,psd_autocorr,random_forest,False,300.0,40.0,0.8401599529954097,0.15973477822351345
cue,subj_to_subj,psd_autocorr,random_forest,False,300.0,45.0,0.8418606332675186,0.16145364540999896
cue,subj_to_subj,psd_autocorr,random_forest,False,300.0,50.0,0.8418606332675186,0.16145364540999896
cue,subj_to_subj,bowav,logistic,False,-1.0,5.0,0.7865499885434208,0.09833085011522057
cue,subj_to_subj,bowav,logistic,False,-1.0,10.0,0.840809733579477,0.09376181621055558
cue,subj_to_subj,bowav,logistic,False,-1.0,15.0,0.8613267102517602,0.09942415296627406
cue,subj_to_subj,bowav,logistic,False,-1.0,20.0,0.8618328064955855,0.09679880335548681
cue,subj_to_subj,bowav,logistic,False,-1.0,25.0,0.8755934963255935,0.08091358656342557
cue,subj_to_subj,bowav,logistic,False,-1.0,30.0,0.8695281924181577,0.08623039483743189
cue,subj_to_subj,bowav,logistic,False,-1.0,35.0,0.8851268164387305,0.07554269995237663
cue,subj_to_subj,bowav,logistic,False,-1.0,40.0,0.8734382559199583,0.08540671635735482
cue,subj_to_subj,bowav,logistic,False,-1.0,45.0,0.8726743010470632,0.0954760500618243
cue,subj_to_subj,bowav,logistic,False,-1.0,50.0,0.8794656409017115,0.10110415558056894
cue,subj_to_subj,bowav,logistic,False,300.0,0.15,0.8000054279447898,0.09465745451009708
cue,subj_to_subj,bowav,logistic,False,300.0,0.325,0.8223155511338542,0.08412337348705422
cue,subj_to_subj,bowav,logistic,False,300.0,0.5,0.8267466698982875,0.0981964565660191
cue,subj_to_subj,bowav,logistic,False,300.0,0.65,0.8218788389220527,0.08497807802616221
cue,subj_to_subj,bowav,logistic,False,300.0,0.825,0.818885279694392,0.0862190187472152
cue,subj_to_subj,bowav,logistic,False,300.0,1.0,0.824836329248094,0.08965164923032218
cue,subj_to_subj,bowav,logistic,False,300.0,2.0,0.8464557387764801,0.06944726138759057
cue,subj_to_subj,bowav,logistic,False,300.0,3.0,0.843607403928525,0.07231960481289887
cue,subj_to_subj,bowav,logistic,False,300.0,4.0,0.8499608804118669,0.05492617879045944
cue,subj_to_subj,bowav,logistic,False,300.0,5.0,0.8679247389543959,0.03946263429712568
cue,subj_to_subj,bowav,logistic,False,300.0,10.0,0.8548606265195328,0.06588446800717497
cue,subj_to_subj,bowav,logistic,False,300.0,15.0,0.8530020976409802,0.0653930062726663
cue,subj_to_subj,bowav,logistic,False,300.0,20.0,0.857838158498286,0.08335324507786465
cue,subj_to_subj,bowav,logistic,False,300.0,25.0,0.8628522711475403,0.07523820273507692
cue,subj_to_subj,bowav,logistic,False,300.0,30.0,0.8624298378063878,0.07800598264065381
cue,subj_to_subj,bowav,logistic,False,300.0,35.0,0.8622087868670647,0.07659665590537941
cue,subj_to_subj,bowav,logistic,False,300.0,40.0,0.8618355353823973,0.07164727955809215
cue,subj_to_subj,bowav,logistic,False,300.0,45.0,0.8630383349670933,0.0748951700429033
cue,subj_to_subj,bowav,logistic,False,300.0,50.0,0.8630383349670933,0.0748951700429033
cue,subj_to_subj,psd_autocorr,logistic,False,-1.0,2.0,0.8078441982747532,0.16639963121267862
cue,subj_to_subj,psd_autocorr,logistic,False,-1.0,3.0,0.8078441982747532,0.16639963121267862
cue,subj_to_subj,psd_autocorr,logistic,False,-1.0,4.0,0.8214312065460668,0.1705188972295136
cue,subj_to_subj,psd_autocorr,logistic,False,-1.0,5.0,0.8214312065460668,0.16677077145540709
cue,subj_to_subj,psd_autocorr,logistic,False,-1.0,10.0,0.8119886857507824,0.1765520701556993
cue,subj_to_subj,psd_autocorr,logistic,False,-1.0,15.0,0.8184517253419155,0.1780812470715638
cue,subj_to_subj,psd_autocorr,logistic,False,-1.0,20.0,0.8350581232758837,0.15771279024073873
cue,subj_to_subj,psd_autocorr,logistic,False,-1.0,25.0,0.8323914481057885,0.15960142210260753
cue,subj_to_subj,psd_autocorr,logistic,False,-1.0,30.0,0.8340052006386586,0.15746873055544627
cue,subj_to_subj,psd_autocorr,logistic,False,-1.0,35.0,0.83353091195572,0.15842033894617666
cue,subj_to_subj,psd_autocorr,logistic,False,-1.0,40.0,0.8336051840888158,0.15849017466355678
cue,subj_to_subj,psd_autocorr,logistic,False,-1.0,45.0,0.8362328117164434,0.1587464332397383
cue,subj_to_subj,psd_autocorr,logistic,False,-1.0,50.0,0.8285516860533817,0.16140586722340103
cue,subj_to_subj,psd_autocorr,logistic,False,300.0,0.15,0.705972039398408,0.1917772442138673
cue,subj_to_subj,psd_autocorr,logistic,False,300.0,0.325,0.7501597282472653,0.18299845176738208
cue,subj_to_subj,psd_autocorr,logistic,False,300.0,0.5,0.7521167840930767,0.24697895668011438
cue,subj_to_subj,psd_autocorr,logistic,False,300.0,0.65,0.7487080477717588,0.24254976151285879
cue,subj_to_subj,psd_autocorr,logistic,False,300.0,0.825,0.775840174589096,0.21853050423633918
cue,subj_to_subj,psd_autocorr,logistic,False,300.0,1.0,0.7646903074621254,0.24707072703794153
cue,subj_to_subj,psd_autocorr,logistic,False,300.0,2.0,0.8078441982747532,0.16639963121267862
cue,subj_to_subj,psd_autocorr,logistic,False,300.0,3.0,0.8082291248521262,0.17320481844661473
cue,subj_to_subj,psd_autocorr,logistic,False,300.0,4.0,0.8172067956123684,0.19623247747868408
cue,subj_to_subj,psd_autocorr,logistic,False,300.0,5.0,0.8159400332223224,0.19033411916285045
cue,subj_to_subj,psd_autocorr,logistic,False,300.0,10.0,0.8149605296664121,0.1742651768931406
cue,subj_to_subj,psd_autocorr,logistic,False,300.0,15.0,0.8169855342455962,0.17863391333030315
cue,subj_to_subj,psd_autocorr,logistic,False,300.0,20.0,0.8249533704094519,0.17860959556059164
cue,subj_to_subj,psd_autocorr,logistic,False,300.0,25.0,0.8348962041672744,0.15994232707755884
cue,subj_to_subj,psd_autocorr,logistic,False,300.0,30.0,0.8344545434314962,0.15868220463754526
cue,subj_to_subj,psd_autocorr,logistic,False,300.0,35.0,0.8345693539940678,0.15877691060082316
cue,subj_to_subj,psd_autocorr,logistic,False,300.0,40.0,0.8323694953402604,0.16120454151930577
cue,subj_to_subj,psd_autocorr,logistic,False,300.0,45.0,0.8335628790862644,0.16129139938077355
cue,subj_to_subj,psd_autocorr,logistic,False,300.0,50.0,0.8301477756711609,0.16176647712330205
cue,None,iclabel,iclabel,False,-1.0,10.0,0.876547165527418,0.062259848293834893
emotion_study,None,bowav,random_forest,False,-1.0,5.0,0.8876749798403497,0.09692832631822351
emotion_study,None,bowav,random_forest,False,-1.0,10.0,0.8684257797420818,0.10034634042950522
emotion_study,None,bowav,random_forest,False,-1.0,15.0,0.8970916227908272,0.09531892877864773
emotion_study,None,bowav,random_forest,False,-1.0,20.0,0.8953756455767297,0.09085420782447601
emotion_study,None,bowav,random_forest,False,-1.0,25.0,0.9251305454349495,0.08384072333260807
emotion_study,None,bowav,random_forest,False,-1.0,30.0,0.9380088951554045,0.06211369936631668
emotion_study,None,bowav,random_forest,False,-1.0,35.0,0.9511588824230389,0.05823901990193085
emotion_study,None,bowav,random_forest,False,-1.0,40.0,0.9511588824230389,0.05823901990193085
emotion_study,None,bowav,random_forest,False,-1.0,45.0,0.9671485352820941,0.030513106491732486
emotion_study,None,bowav,random_forest,False,-1.0,50.0,0.9692682932158055,0.03337490384432301
emotion_study,None,bowav,random_forest,False,300.0,0.15,0.7611570176444519,0.09859962959138249
emotion_study,None,bowav,random_forest,False,300.0,0.325,0.8068875295476282,0.07436370154108507
emotion_study,None,bowav,random_forest,False,300.0,0.5,0.8374359804994924,0.0902937199281256
emotion_study,None,bowav,random_forest,False,300.0,0.65,0.854286959390158,0.0933296661523059
emotion_study,None,bowav,random_forest,False,300.0,0.825,0.8524523092031803,0.11425702574242051
emotion_study,None,bowav,random_forest,False,300.0,1.0,0.8570199721605233,0.10525080276942636
emotion_study,None,bowav,random_forest,False,300.0,2.0,0.8660966877668541,0.08652706259214077
emotion_study,None,bowav,random_forest,False,300.0,3.0,0.8862822640021452,0.08460179773476105
emotion_study,None,bowav,random_forest,False,300.0,4.0,0.8852388190953046,0.07923020985999878
emotion_study,None,bowav,random_forest,False,300.0,5.0,0.8976531477132543,0.08187330210256687
emotion_study,None,bowav,random_forest,False,300.0,10.0,0.9015243506728032,0.08321700717345556
emotion_study,None,bowav,random_forest,False,300.0,15.0,0.9118840825678249,0.07063054184042748
emotion_study,None,bowav,random_forest,False,300.0,20.0,0.9215072355203299,0.07130108001434181
emotion_study,None,bowav,random_forest,False,300.0,25.0,0.9484552942244384,0.07318154697270442
emotion_study,None,bowav,random_forest,False,300.0,30.0,0.9509143658296201,0.06613096007821223
emotion_study,None,bowav,random_forest,False,300.0,35.0,0.963145322246623,0.04022925802032888
emotion_study,None,bowav,random_forest,False,300.0,40.0,0.9688596079609086,0.042485609322247604
emotion_study,None,bowav,random_forest,False,300.0,45.0,0.9677430233960482,0.03803344697234063
emotion_study,None,bowav,random_forest,False,300.0,50.0,0.9734573091103339,0.03964686879467234
emotion_study,None,psd_autocorr,random_forest,False,-1.0,1.0,0.9300129100575543,0.05678854826689545
emotion_study,None,psd_autocorr,random_forest,False,-1.0,2.0,0.9026891978090303,0.07878566206703283
emotion_study,None,psd_autocorr,random_forest,False,-1.0,3.0,0.9110006220185404,0.07593364997481825
emotion_study,None,psd_autocorr,random_forest,False,-1.0,4.0,0.9089783773269328,0.07696276161075642
emotion_study,None,psd_autocorr,random_forest,False,-1.0,5.0,0.9257270158147016,0.07367801530783456
emotion_study,None,psd_autocorr,random_forest,False,-1.0,10.0,0.9328039071773073,0.07323704449977084
emotion_study,None,psd_autocorr,random_forest,False,-1.0,15.0,0.9429836571697037,0.07449484349099415
emotion_study,None,psd_autocorr,random_forest,False,-1.0,20.0,0.9434605076465542,0.08328460827149131
emotion_study,None,psd_autocorr,random_forest,False,-1.0,25.0,0.9565068006928472,0.08005260097508263
emotion_study,None,psd_autocorr,random_forest,False,-1.0,30.0,0.9542391030178231,0.07879345338487122
emotion_study,None,psd_autocorr,random_forest,False,-1.0,35.0,0.9607750507302414,0.061776267790038336
emotion_study,None,psd_autocorr,random_forest,False,-1.0,40.0,0.9607750507302414,0.061776267790038336
emotion_study,None,psd_autocorr,random_forest,False,-1.0,45.0,0.9607750507302414,0.061776267790038336
emotion_study,None,psd_autocorr,random_forest,False,-1.0,50.0,0.9643401131188333,0.05256995337771443
emotion_study,None,psd_autocorr,random_forest,False,300.0,0.15,0.8528030699459271,0.03732380507672702
emotion_study,None,psd_autocorr,random_forest,False,300.0,0.325,0.8566325650378682,0.05201601764074765
emotion_study,None,psd_autocorr,random_forest,False,300.0,0.5,0.8950075236149969,0.08775599934385855
emotion_study,None,psd_autocorr,random_forest,False,300.0,0.65,0.9185727374615051,0.06300332198810617
emotion_study,None,psd_autocorr,random_forest,False,300.0,0.825,0.9169518969965412,0.053602783311572755
emotion_study,None,psd_autocorr,random_forest,False,300.0,1.0,0.9307550250853837,0.05650279448098836
emotion_study,None,psd_autocorr,random_forest,False,300.0,2.0,0.9422359811041547,0.04957989327848136
emotion_study,None,psd_autocorr,random_forest,False,300.0,3.0,0.9359666948348685,0.05246294639857776
emotion_study,None,psd_autocorr,random_forest,False,300.0,4.0,0.9400809970125367,0.049326809743398384
emotion_study,None,psd_autocorr,random_forest,False,300.0,5.0,0.9338389216224795,0.054779149612317724
emotion_study,None,psd_autocorr,random_forest,False,300.0,10.0,0.9472557485199049,0.0572217721387813
emotion_study,None,psd_autocorr,random_forest,False,300.0,15.0,0.9653833456611169,0.06356000846870934
emotion_study,None,psd_autocorr,random_forest,False,300.0,20.0,0.9492376363652529,0.07007937978289677
emotion_study,None,psd_autocorr,random_forest,False,300.0,25.0,0.9604843197893557,0.052702293979885545
emotion_study,None,psd_autocorr,random_forest,False,300.0,30.0,0.9569192574007639,0.061629252138849046
emotion_study,None,psd_autocorr,random_forest,False,300.0,35.0,0.9764613252400454,0.022701363964361027
emotion_study,None,psd_autocorr,random_forest,False,300.0,40.0,0.9683044566417506,0.03408754596349849
emotion_study,None,psd_autocorr,random_forest,False,300.0,45.0,0.9726055319105678,0.025265321274056424
emotion_study,None,psd_autocorr,random_forest,False,300.0,50.0,0.9685413173200373,0.03151648913104036
emotion_study,None,bowav,logistic,False,-1.0,5.0,0.9121974363908242,0.06060038972010257
emotion_study,None,bowav,logistic,False,-1.0,10.0,0.9101294909165552,0.07768460210413844
emotion_study,None,bowav,logistic,False,-1.0,15.0,0.9174976685039916,0.07398537217025575
emotion_study,None,bowav,logistic,False,-1.0,20.0,0.9349610641186477,0.05889416284428762
emotion_study,None,bowav,logistic,False,-1.0,25.0,0.9445440979329308,0.05707107570075467
emotion_study,None,bowav,logistic,False,-1.0,30.0,0.9469640823201283,0.058506580127441185
emotion_study,None,bowav,logistic,False,-1.0,35.0,0.9586372999942947,0.04055681818995277
emotion_study,None,bowav,logistic,False,-1.0,40.0,0.9761766294079289,0.019982703702981802
emotion_study,None,bowav,logistic,False,-1.0,45.0,0.9785185497826363,0.0218701002251077
emotion_study,None,bowav,logistic,False,-1.0,50.0,0.9785185497826363,0.0218701002251077
emotion_study,None,bowav,logistic,False,300.0,0.15,0.6501241845711891,0.10693357219854485
emotion_study,None,bowav,logistic,False,300.0,0.325,0.8151217656141255,0.07069844147002886
emotion_study,None,bowav,logistic,False,300.0,0.5,0.8210891832786242,0.06610941691696486
emotion_study,None,bowav,logistic,False,300.0,0.65,0.8293736540765403,0.0553840187258608
emotion_study,None,bowav,logistic,False,300.0,0.825,0.8541995045863927,0.06711127222489649
emotion_study,None,bowav,logistic,False,300.0,1.0,0.8766558095138145,0.07017988189947601
emotion_study,None,bowav,logistic,False,300.0,2.0,0.8891533865868005,0.05567490423216151
emotion_study,None,bowav,logistic,False,300.0,3.0,0.9245445924177526,0.03844513545225347
emotion_study,None,bowav,logistic,False,300.0,4.0,0.9081799659937444,0.052699699218023956
emotion_study,None,bowav,logistic,False,300.0,5.0,0.9236704942208455,0.05977038061328147
emotion_study,None,bowav,logistic,False,300.0,10.0,0.9462787694930552,0.05262148389667846
emotion_study,None,bowav,logistic,False,300.0,15.0,0.9445140653327767,0.05909548394867583
emotion_study,None,bowav,logistic,False,300.0,20.0,0.950514445554382,0.062271979051487195
emotion_study,None,bowav,logistic,False,300.0,25.0,0.9610284001297008,0.05734048937025968
emotion_study,None,bowav,logistic,False,300.0,30.0,0.9604843197893557,0.052702293979885545
emotion_study,None,bowav,logistic,False,300.0,35.0,0.9772138268414433,0.027105246696901487
emotion_study,None,bowav,logistic,False,300.0,40.0,0.9772138268414433,0.027105246696901487
emotion_study,None,bowav,logistic,False,300.0,45.0,0.9818115279908687,0.020295758181374687
emotion_study,None,bowav,logistic,False,300.0,50.0,0.9818115279908687,0.020295758181374687
emotion_study,None,psd_autocorr,logistic,False,-1.0,2.0,0.8575237674807258,0.07656270229211595
emotion_study,None,psd_autocorr,logistic,False,-1.0,3.0,0.8575237674807258,0.07656270229211595
emotion_study,None,psd_autocorr,logistic,False,-1.0,4.0,0.8634901820185689,0.08858853000105628
emotion_study,None,psd_autocorr,logistic,False,-1.0,5.0,0.8634901820185689,0.0851131065442543
emotion_study,None,psd_autocorr,logistic,False,-1.0,10.0,0.855699977235883,0.07326239446052993
emotion_study,None,psd_autocorr,logistic,False,-1.0,15.0,0.8765851692167482,0.07961844988322973
emotion_study,None,psd_autocorr,logistic,False,-1.0,20.0,0.8877534446453874,0.06753172876229409
emotion_study,None,psd_autocorr,logistic,False,-1.0,25.0,0.8924356348365953,0.0690235381732579
emotion_study,None,psd_autocorr,logistic,False,-1.0,30.0,0.8981067955637538,0.08580227049349588
emotion_study,None,psd_autocorr,logistic,False,-1.0,35.0,0.9016718579523457,0.08264760684152071
emotion_study,None,psd_autocorr,logistic,False,-1.0,40.0,0.908814715095203,0.06826350030995827
emotion_study,None,psd_autocorr,logistic,False,-1.0,45.0,0.9131047193852071,0.06774420058161833
emotion_study,None,psd_autocorr,logistic,False,-1.0,50.0,0.9049819624819625,0.06783531279816668
emotion_study,None,psd_autocorr,logistic,False,300.0,0.15,0.824033074768369,0.0568977861283865
emotion_study,None,psd_autocorr,logistic,False,300.0,0.325,0.8489374571727514,0.08712585316697798
emotion_study,None,psd_autocorr,logistic,False,300.0,0.5,0.8641928553693259,0.051531705690529894
emotion_study,None,psd_autocorr,logistic,False,300.0,0.65,0.8495286335085412,0.053645415191111635
emotion_study,None,psd_autocorr,logistic,False,300.0,0.825,0.8401542599021591,0.080761651002754
emotion_study,None,psd_autocorr,logistic,False,300.0,1.0,0.8431572629051621,0.07746743556512137
emotion_study,None,psd_autocorr,logistic,False,300.0,2.0,0.8575237674807258,0.07656270229211595
emotion_study,None,psd_autocorr,logistic,False,300.0,3.0,0.8768823680638161,0.07375413706532692
emotion_study,None,psd_autocorr,logistic,False,300.0,4.0,0.8674948490307548,0.08095602425541011
emotion_study,None,psd_autocorr,logistic,False,300.0,5.0,0.8704252519611577,0.0753605821348671
emotion_study,None,psd_autocorr,logistic,False,300.0,10.0,0.8870510817139224,0.0648744539234298
emotion_study,None,psd_autocorr,logistic,False,300.0,15.0,0.8982049804340827,0.06194849192703409
emotion_study,None,psd_autocorr,logistic,False,300.0,20.0,0.902733572193356,0.07847141778747536
emotion_study,None,psd_autocorr,logistic,False,300.0,25.0,0.8988736100500806,0.08843075818578884
emotion_study,None,psd_autocorr,logistic,False,300.0,30.0,0.8985074498966333,0.10303493334269459
emotion_study,None,psd_autocorr,logistic,False,300.0,35.0,0.9095564145120175,0.08454322596057341
emotion_study,None,psd_autocorr,logistic,False,300.0,40.0,0.9138854188410218,0.08880438818317427
emotion_study,None,psd_autocorr,logistic,False,300.0,45.0,0.9093604574052236,0.07833339755292656
emotion_study,None,psd_autocorr,logistic,False,300.0,50.0,0.909745446565723,0.08462859990051835
emotion_study,None,iclabel,iclabel,False,-1.0,10.0,0.8779846709894843,0.08202931647354691
